,text
0,These are testing times and we need to wake up to the seriousness of this situation. Please let us all follow what'â€¦ https://t.co/8nlhTa9zjH
1,"RT @narendramodi: By converging around shops, you are risking the spread of COVID-19.

No panic buying please.

Please stay indoors. 

I reâ€¦"
2,"RT @narendramodi: My fellow citizens, 

THERE IS ABSOLUTELY NO NEED TO PANIC.

Essential commodities, medicines etc. would be available. Ceâ€¦"
4,"As our Honourable Prime Minister, Shri @NarendraModi ji just announced, the whole country is going into a lockdownâ€¦ https://t.co/5V0XjH1Pqo"
5,The need of the hour is to absolutely respect and follow the government's directive. Stay home. Stay safe. Stay heaâ€¦ https://t.co/D0IxoA1D5i
6,"Also, special mention to all the medical professionals in the country and around the globe for all the efforts beinâ€¦ https://t.co/lwP3xHn6nL"
7,"Be alert, attentive and aware to combat the threat posed by the Covid 19. We, as responsible citizens, need to adheâ€¦ https://t.co/8LvP4l7wu2"
8,"Let's stay strong and fight the #COVID19 outbreak by taking all precautionary measures. Stay safe, be vigilant andâ€¦ https://t.co/TCveQZ2WSG"
9,Stay true to the man in the mirror. https://t.co/ln3PxjSYtX
10,Wishing everyone a joyful and a safe Holi. May the festivities bring a lot of colors to your life. ğŸ˜‡ #HappyHoli
13,Proud of all the efforts put in by the Indian Women's Cricket Team throughout their #T20WorldCup campaign. I'm confâ€¦ https://t.co/7387yDbHAi
14,"Are you ready for the #iQOO challenge? 
Think you can do better than this? Then:
1ï¸âƒ£ Share your video withâ€¦ https://t.co/4MzB9zHKN7"
15,Gaurs! It's time to rise! Wishing @FCGoaOfficial and the fans all the best for the semi-final today. We are one steâ€¦ https://t.co/wI0O51f7Yx
16,"Happy birthday, Sir @ivivianrichards. Wishing you good health and happiness. Have a great year ahead. ğŸ‚"
17,Change is the only constant ğŸ™ŒğŸ¼ https://t.co/ru47WRhB5F
18,Congratulations to the Indian Women's team on qualifying for the @T20WorldCup final. We are proud of you girls andâ€¦ https://t.co/cXOohnLwos
19,Big ups to the Gaurs on becoming the first-ever Indian club to qualify for the AFC Champions League group stage andâ€¦ https://t.co/2cd0vfxPU1
20,Good session out in the middle ğŸ’ªğŸ’ª  #NZvIND https://t.co/AdjtWSX2em
22,Congratulations Sachin paaji on being honoured with the prestigious Laureus Sporting Moment Award. A great achievemâ€¦ https://t.co/UF2lJi8Bm4
23,"Happy bday brother. Wish you all the happiness and good health and lots of love to the family. See you soon ğŸ’ªğŸ˜ƒ
@ABdeVilliers17"
24,Naya post Sundar dost ğŸ¤ª https://t.co/2ZQ9R9IeSB
26,LOGO ka kaam hai kehna. ğŸ˜„ Thrilled to see our new @rcbtweets logo. It embodies the Bold pride and challenger spiritâ€¦ https://t.co/5Mr5u4TKlQ
27,"Posts disappear and the captain isnâ€™t informed. ğŸ˜¨ @rcbtweets, let me know if you need any help."
28,"A friend, teammate, mentor and icon. Let's all come together and vote for @sachin_rt paaji for the Laureus Sportingâ€¦ https://t.co/bxhoxnsMHO"
29,"Sending my best wishes to the Indian U19 Cricket Team ahead of their World Cup final. The nation is behind you, briâ€¦ https://t.co/uAqUgfXKXN"
31,"Proud, historic, ecstatic; everything was this moment. ğŸ˜‡ #JaiHind ğŸ‡®ğŸ‡³ https://t.co/btPtkPB6oO"
32,Rising up to every challenge. What a game! ğŸ’¯ ğŸ‘ŠğŸ‡®ğŸ‡³ #NZvIND https://t.co/5kUSbD3P4m
33,Life is a blessing. ğŸ˜‡ https://t.co/5MWTmUxWeA
34,That's how we do it! ğŸ’ªğŸ¼ğŸ’ªğŸ¼ğŸ’ªğŸ¼ #NZvIND https://t.co/Ej97E0ciLJ
35,Stronger together. ğŸ™ŒğŸ¼ Happy Republic Day to all of us. Jai Hind ğŸ‡®ğŸ‡³ https://t.co/HRP8fQ27XS
36,Your love and support has made this such a  memorable journey. As we draw towards the #seasonfinale of @TheSuperV tâ€¦ https://t.co/I9qFRPtj34
37,Cracker of a game! ğŸ‘ŠğŸ¼ Good win boys. ğŸ‘ğŸ¼ğŸ˜ @BCCI https://t.co/khWF2q2598
38,"Stylish, elegant and classy. An absolute beast the Audi Q8 ğŸ˜ğŸ‘ŒGlad to be a part of the launch with Mr Balbir Singh Dâ€¦ https://t.co/ByyjaICrXO"
39,Top team gym session and a good meal out in beautiful Auckland ğŸ‘ŒğŸ‘ŒÂ @im_manishpandeyÂ @imjadejaÂ @klrahul11 https://t.co/nAuA1ro58h
40,Touchdown Auckland. Letâ€™s go ğŸ‡®ğŸ‡³ @imShard @ShreyasIyer15 https://t.co/8Lo2c1usmM
42,Soaring High ğŸ†ğŸ‡®ğŸ‡³ğŸ’™ #IndvAus https://t.co/Zjo3mReSWD
43,"Excited to reveal Blends, the latest EDT range of perfume by #one8Fragrances. ğŸ¥³ A scent you just can't miss. ğŸ˜ Go,â€¦ https://t.co/7sLbCpi1Uv"
46,Hold your ground ğŸ¤œÂ #one8 https://t.co/yXBRniOcmr
47,Way to go! ğŸ’ªğŸ¼ğŸ’ªğŸ¼ğŸ’ªğŸ¼ #strongertogether https://t.co/hUmMbcdQRm
48,Ball out of the Bowlers hand and Chholle Bhature for a cheat meal deserve the same kind of focus. ğŸ‘€ğŸ˜„ https://t.co/ctEs96bvQa
49,Pune âœˆï¸âœˆï¸ @imjadeja @imShard https://t.co/ZfS9mqPBi6
50,Set to go again ğŸ‘ğŸ‡®ğŸ‡³ https://t.co/ix9iejzHeg
51,"Started from them flip flops, now we here! ğŸ˜ğŸ˜ @pumacricket https://t.co/pjp6DvXlXM"
52,On point for 2020 â¤ï¸ https://t.co/mBm2ccWVPM
53,No stress about pictures when youâ€™ve got the best photographer taking them for you ğŸ˜ƒğŸ˜ @AnushkaSharma https://t.co/uK3XO4dFhZ
54,Another feather in the cap for you guys. ğŸ‘ğŸ¼ Congratulations @HeroMotoCorp on winning the #IMOTY2020 award.â€¦ https://t.co/TKd0vM1oIr
55,Congratulations Amitabh Bachchan ji on being conferred the prestigious #DadaSahebPhalkeAward. ğŸ’Through your contribâ€¦ https://t.co/SgXL4oodPz
56,â„ï¸â›·ğŸ˜ƒ https://t.co/H70Vt6DJNn
57,Congratulations to Sakshi Chaudhary on her brilliant performance and being selected for the #OlympicQualifiers ğŸ‘@vkfofficial
58,2020 loading ğŸ˜‰ #one8 https://t.co/MtaaO0vDDt
59,Lights. Camera ğŸ“¸..... #one8 https://t.co/5TtfJ7g0cW
60,"RT @StarSportsIndia: Watch @imVKohli dress up as ğŸ… and bring a little Christmas cheer to the kids who cheer our sportspersons on, all yearâ€¦"
61,Tula maanla re Thakur ğŸ‘ğŸ˜ğŸ˜„ @imShard https://t.co/fw9z3dZ8Zi
63,A day off and an afternoon with the boys is exactly what we needed ğŸ˜ƒğŸ¤™ https://t.co/6K3KLW63iJ
64,"When we stand together as one, nothing can stop us ğŸ‡®ğŸ‡³ https://t.co/tTpoWxM03P"
65,Thanks @DangeRussWilson for this lovely gesture. ğŸ‘ A match jersey is always special to have and I'm happy to receivâ€¦ https://t.co/AXKr6nNagU
66,Touchdown Chennai ğŸ¤™ @imkuldeep18 @imjadeja https://t.co/uWDyrCIi7I
67,Happy bday Paaji. God bless you. ğŸ˜Š @YUVSTRONG12
68,"Super squad ğŸ’¯ ğŸ‡®ğŸ‡³
Thankyou for the fantastic support ğŸ™ŒğŸ¼ https://t.co/MuN9JxVWEp"
69,In reality there is only love and nothing else. And when god blesses you with the person who makes you realise thatâ€¦ https://t.co/yKOJ3wWLAm
70,@ivivianrichards Thanks big BOSS. Coming from you means a lot ğŸ™ğŸ¼
71,@SrBachchan Haha love the dialogue Sir. Youâ€™re always an inspiration. ğŸ™ŒğŸ¼
72,Good way to start the series. Lots of positives to take from today's win. ğŸ‘#INDvWI https://t.co/UPrUz1fKUK
73,Mood ğŸ‘Œ https://t.co/DjC0Q0SJcL
74,"It's not very often I get to walk into a store. But when I do, I know just what to get ğŸ˜
@OceanBeverages @TooYummâ€¦ https://t.co/ydIIFnavqy"
75,Hyderabad bound ğŸ›« @klrahul11 @IamShivamDube https://t.co/39lLI0uNDC
76,Join in on the limitless feeling with @MuveAcoustics! ğŸ‘Š #IAmLimitless https://t.co/XX4dEemg0M
77,"Congratulations Pandey ji. Wish you both a lifetime of beautiful moments and happiness. God bless you both ğŸ˜‡ğŸ™
@im_manishpandey"
79,"What happened in Hyderabad is absolutely shameful. 
It's high time we as a society  take charge and put an end to these inhumane tragedies."
80,"A big thank you for the amazing response to @TheSuperV â¤ï¸

Well this is just the start, there is a lot more in storâ€¦ https://t.co/hsrzIVObfE"
81,About last night. At the movies with this hottie ğŸ˜â¤ï¸Â @AnushkaSharma https://t.co/VwYCLbieCL
82,Walking together in the journey of life with nothing But loveâ¤ @AnushkaSharma https://t.co/pxq0iZ8Z8A
83,Remembering the bravehearts and the innocent civilians who lost their lives during the 26/11 attacks. Gone but never forgotten.  ğŸ™ğŸ‡®ğŸ‡³
84,"Love group conditioning sessions. And when Jaddu is in the group, itâ€™s almost impossible to outrun him ğŸ˜ƒğŸ‘Œ.â€¦ https://t.co/QP987i62t0"
85,"Kolkata you have been amazing. ğŸ™ŒğŸ¼
Terrific display by the lads. ğŸ’ªğŸ¼Let's keep the momentum going ğŸ‡®ğŸ‡³ https://t.co/TBrP1fGNKw"
87,Good practice gets you in sync. All set for the historic test âœŒï¸ğŸ‡®ğŸ‡³ https://t.co/jsGmSAW0Nm
88,Partners in crimeğŸ¤.. Crime : stealing doubles from fielders at the boundary ğŸ˜ƒ. Guess who ğŸ¤” https://t.co/Gk1x6lBIvm
89,"5 years ago today, something really Wrogn came to life. And since then, everything turned out just right. ğŸ™ğŸ¼ğŸ˜‡â€¦ https://t.co/LvXv5QLdlx"
90,No days off.Â #one8innerwear https://t.co/ZlSdwSikqb
91,"Hey guys, I've  got something exciting for you from @remit2india ğŸ˜ 

Refer your friends now through the links belowâ€¦ https://t.co/zgzgvcD5VJ"
92,"Top notch performanceğŸ’¯
Way to go boys ğŸ‘Œ #INDvBAN https://t.co/frTeHr5DNj"
93,Training done âœ”ï¸ Great to be back with the boys ğŸ‘ https://t.co/Wq9J6nHMez
94,Happy gurpurab to everyone ğŸ™ğŸ˜‡ https://t.co/YE14bJBtGS
96,"Watch me play LIVE in New Zealand. ğŸ˜

Follow the steps to participate. Also,10 lucky winners will stand a chance toâ€¦ https://t.co/ChtNx3t73V"
192,What a blessing to be able to visit such divine places with my soulmate. Also thank you everyone for your kind wishâ€¦ https://t.co/Wx3NZsOY6f
193,"My journey and life's lessons explained to a 15-year old me. Well, I tried my best writing this down. Do give it aâ€¦ https://t.co/xpjDb32BSk"
194,"Puma always stepping up their sneaker game ğŸ”¥

Loved the new RS 9.8 from the PUMA x TETRIS Collab ğŸ’¯ Grab yours at seâ€¦ https://t.co/bgvXBVXxoM"
195,A good cover drive is therapeutic ğŸ™ŒğŸ¼ https://t.co/ERtGhltAR2
196,"When the tribe comes together, everything goes perfectly WROGN. ğŸ‘Œ

Had a great time shooting for @StayWrogn #AW19â€¦ https://t.co/ZcotB5TF1a"
198,"So here it is! With every festive combo purchase, you stand a chance to win a miniature bat, signed by me.

So hurrâ€¦ https://t.co/vyWA0hXTuS"
199,But before that here's what my friends at @MuveAcoustics did to celebrate the  #GiftOfPureSoundâ€¦ https://t.co/z1bP7bhkto
200,I've got something special to add to your festive celebrations. Stay tuned to this space to find out more.â€¦ https://t.co/62FkRUBhRI
201,Happy Diwali to everyone. May the Festival of Lights light up your lives and bring more love and peace to all ğŸ™ğŸ˜‡â¤ï¸ https://t.co/36Gr0aA6ae
202,Beautiful thing about sport is that rivalries stay on field and just with a smile &amp; an open mind all tension betweeâ€¦ https://t.co/ucjNdGkHB0
203,"Back at it, surprising those shopping #Oceanone8 ğŸ˜. Had a good time interacting with everyone. Thanksâ€¦ https://t.co/ujcADoLU95"
205,"This superhero is capable of doing things even I can't! ğŸ˜

Watch the brand-new animated series #SuperV airing on myâ€¦ https://t.co/0sftxLCpFJ"
206,The new Audi A6 is here and there isnâ€™t a better way to start this yearâ€™s festivities. It was a pleasure being at tâ€¦ https://t.co/f2diWCYFEW
207,Wishing the fans and @FCGoaOfficial all the very best as we kickstart the season of the @IndSuperLeague ğŸ‘  I'll beâ€¦ https://t.co/F1fwONyoss
208,#WaybackWednesday https://t.co/2pKm5N3a8V
209,"Loved the documentary James, glad you put it out there. @lightningwilks https://t.co/x7AkCr5R5Z"
210,Saw game changers on Netflix. Being a vegetarian athlete has made me realise what I have believed all these years râ€¦ https://t.co/FNCNwMIAPR
211,"Now that's a good idea to test the Air Conditioning by getting more Virats in a room ğŸ™ƒ Agree? 

Glad to be a part oâ€¦ https://t.co/zxdMGF3VRA"
212,"So proud of this amazing team and the hard work which is put in day in and day out.
Onwards and upwards ğŸ’¯ğŸ’ª https://t.co/NRd7A0HmqD"
213,Positive spirits in today's training session. All set for tomorrow! ğŸ’ªğŸ¼ https://t.co/BieZYpeiIo
214,The ones who fast together laugh together â¤ï¸ğŸ˜ƒ. Happy karvachauth ğŸ˜‡ https://t.co/7KQXp0Jkcc
215,You and your friend could win an all-expense-paid trip to New Zealand! ğŸ‘ Follow the instructions in the video to knâ€¦ https://t.co/TdtBFrwelO
216,Don't worry be happy! ğŸ˜ƒ https://t.co/siBUB5Y9Tl
217,"When the Wrogn side beckons, ride into it with laughter and a spirit of adventure.ğŸ˜‰ @StayWrogn AW'19 collection outâ€¦ https://t.co/QijX1uFroy"
218,Great team effort and spirit shown by the boys. ğŸ‡®ğŸ‡³  #INDvSA https://t.co/oexEQLzNTq
219,Happy bday mad one. ğŸ’ªğŸ˜˜ https://t.co/KBzqkym9Of
220,"Special win in Vizag. ğŸ‡®ğŸ‡³
On to the next one now! ğŸ’ª https://t.co/KbQZR7bgnP"
221,Always looking forward to Test Cricket! ğŸ https://t.co/Mx98AP34og
222,"Being restless is no more uncomfortable ğŸ‘Š  

https://t.co/ajb2feiae2

#one8innerwear #TheBigBillionDays @Flipkart https://t.co/HhDdyjEZBK"
223,Glad to be back for the 2nd edition of @sportshonours . A good initiative to honour those who won laurels for the câ€¦ https://t.co/z9Q4VkCG4P
225,"It was a special day interacting with the #ViratKohliFoundation athletes.
With discpline, determination and dedicatâ€¦ https://t.co/ohxnRYhjCy"
226,Excited to be a part of @FCGoaOfficial jersey launch for the season. ğŸ”¥ The home kit looks vibrant and resonates witâ€¦ https://t.co/qh9cSZpj1i
228,Me looking at my younger self going ğŸ™…â€â™‚ï¸ğŸ¤¦â€â™‚ï¸.Â #throwbackÂ #16yearsold https://t.co/EMFtD7TMnl
229,"Superb performance by @Phogat_Vinesh, for winning the Bronze medalğŸ¥‰at the World Championships and congratulations oâ€¦ https://t.co/D41tzhhHlI"
230,"I love this game ğŸ’™
See you in Bengaluru ğŸ™ğŸ¼ #INDvSA https://t.co/R07Dz4VFlF"
232,"Wishing our honourable Prime Minister, @narendramodi ji a very happy birthday. Wish you all the good health and sucâ€¦ https://t.co/BXsXDkhGsu"
233,"T H I S made my day! ğŸ‘ Excited to reveal the No Gas range of #one8Fragrances. For exclusive launch offers, checkâ€¦ https://t.co/RxfrsYuHWk"
234,Mohali bound âœˆ @hardikpandya7 #travelinstyle https://t.co/6jMXP7Katm
235,Caught in the moment. Pic credit @AnushkaSharma â™¥ï¸ https://t.co/hX3DzidDr0
236,"Eyes on the ball! ğŸ‘€
#IndvSA https://t.co/ULnzeVsAhb"
238,Thank you @delhi_cricket and @BCCI for bestowing this honour upon me. The pavilion will remind me of my journey inâ€¦ https://t.co/wLjDw54NMV
239,Ready to roll. @one8Select ğŸ‘€ğŸ‘ https://t.co/Wyew4GVV1F
240,"A game I can never forget. Special night. This man, made me run like in a fitness test ğŸ˜„ @msdhoni ğŸ‡®ğŸ‡³ https://t.co/pzkr5zn4pG"
241,Our actions can make a big difference. Let's give back to the environment by making the right choices. â™»ï¸ See you gâ€¦ https://t.co/KjjPtgXMDj
242,â¤ï¸ https://t.co/i66CMDsmxV
243,"Let's Go #BlueTigers ğŸ’ª
Goodluck to the @IndianFootball team for the game against Qatar!  #QATIND #BackTheBlue"
244,Classy and elegant ğŸ‘ŒDress up for the occasion and let your style make a statement. Check out the latest @Manyavar_â€¦ https://t.co/50BK3U7bB9
245,Major announcement coming your way. ğŸ“¢ Are you up for it? Watch this space tomorrow for more details.â€¦ https://t.co/He5XKsH8JN
247,Let's break free and unleash the madness. It's time to join THE WROGN TRIBE. ğŸ˜‰ Head over to https://t.co/jP3LrKr1sGâ€¦ https://t.co/JeqXn06VGI
248,"There's nothing like failure in science, we experiment &amp; we gain. Massive respect for the scientists at #ISRO who wâ€¦ https://t.co/2XQXr1mvep"
249,Watch Graham rocking the #Pumaone8 collection and how we take #one8 global soon! ğŸŒ What's say @PUMA? ğŸ˜„ https://t.co/k8fr9b7wfd
250,"RT @StarSportsIndia: Ball Adams: What do you see in my future?
Ballaram: â˜â˜, coz hawa mein udoge toh badal toh dikhenge! ğŸ¤­

But @imVkohli kâ€¦"
251,"As long as we look within, we won't need to seek anything outside. ğŸ’« https://t.co/CvUVElZwjm"
252,@SDhawan25 Thanks Jatt ji ğŸ‘ğŸ¼
253,Healthy eating is an integral part of a healthy lifestyle. Congratulations to @drharshvardhan and the @fssaiindia tâ€¦ https://t.co/SvgdnlZOyM
254,"Feels great to get win our first series in the Test Championship. ğŸ’ªğŸ¼
Thorough performance by the team overall, blesâ€¦ https://t.co/RVhtP2NkEx"
255,Looking at the bright side ... always ğŸ˜ğŸ’«Â  @MuveAcoustics https://t.co/iQsShy2x61
256,"Take a step, spread the joy. ğŸ˜Š Go to any @PUMA India store or https://t.co/4XujqXrSSX and make it happen. ğŸ™ğŸ¼â€¦ https://t.co/4qneCo60bG"
257,"More than a football club, this is a family that unites all Goans across the world. Happy 5 years @FCGoaOfficial ğŸ™ğŸ¼â€¦ https://t.co/B7l7oekHVN"
258,"Also, Congratulations to @Pvsindhu1 for winning first ever Gold for India ğŸ‡®ğŸ‡³at the #BWFWorldChampionships. We are proud of you."
259,"And congratulations to @nagalsumit for qualifying for the #USOpen. A humongous task facing the great @rogerfederer,â€¦ https://t.co/V9tMl3LYdw"
260,Clinical Victory and outstanding bowling effort! ğŸ™ŒğŸ» https://t.co/R0albJnEbz
261,"Shocked &amp; saddened to hear about the passing away of Shri Arun Jaitley ji. He was genuinely a good person, always wâ€¦ https://t.co/k78CTtPIvP"
262,Stunning day at the beach with the boys ğŸ‡®ğŸ‡³ğŸ‘ŒğŸ˜ https://t.co/38RdWLrCti
263,I never seem to run out of excuses to drive an Audi. ğŸ˜„ Here are a few of them! ğŸ¤“ #Ad https://t.co/q0z8FWmXJG
264,"From starting as a teenager on the same day in 2008 to reflecting on the journey 11 years after, I couldn't have drâ€¦ https://t.co/xQmP9OtDab"
265,"Here's something special from @remit2india to all Indian fans across the globe who always support us. ğŸ˜ŠğŸ™ğŸ¼
.
Use theâ€¦ https://t.co/fnrnpJtNlU"
266,Great win last night and top batting in both games by this dude ğŸ¤™ğŸ˜ https://t.co/qwmKqVLdTW
267,Wishing every Indian a Happy Independence Day. Let's work together towards progress of our country and create the Iâ€¦ https://t.co/8rGRse9FWk
268,"May this Eid bring joy, happiness and peace in your life. #EidAdhaMubarak"
269,Top win and top bowling from this guy . ğŸ‡®ğŸ‡³ğŸ‘ https://t.co/TX5FkhpTCX
270,"Better late than never.ğŸğŸ˜
#BottleCapChallenge https://t.co/mjrStZxxTi"
271,"Always take more time to get the technique right before wanting to take the weight up. Same exercise 3 years apart,â€¦ https://t.co/k5mHRIRnjd"
272,"Deeply saddened by the news of Sushma Ji's demise, may her soul rest in peace. ğŸ™ğŸ¼"
273,Top win. Onto the odis now. ğŸ‡®ğŸ‡³ğŸ‘ https://t.co/OlpN670B9Y
274,"A true champion of the game. 
Happy retirement to the pace machine @DaleSteyn62 ğŸ™ğŸ¼ğŸ’¯"
275,"With the biggest BOSS! ğŸ™Œ
@ivivianrichards https://t.co/dy6EhFJvBQ"
276,"Of food experiences and endless stories, #one8commune is the new ensemble. ğŸœğŸğŸ¥˜ Feel the joy of communing with a gloâ€¦ https://t.co/MIVQ0WkrXF"
277,SQUAD ğŸ‘ŠğŸ’¯ https://t.co/2uBjgiPjIa
278,Here's something to make the #one8 (1/8) day special! ğŸ˜ƒ Top stuff @nikkfreestyler #postguru ğŸ’¯#PlayTheDayâ€¦ https://t.co/8x0E95Xqom
279,"I'm always on the go, so I need a little bit extra. #Wellman vitamins &amp; minerals help me stay in top shape and alwaâ€¦ https://t.co/EJ3sqf8G5N"
280,Miami bound ğŸ˜ğŸ’ªğŸ‡®ğŸ‡³ https://t.co/ywIh0ePTuZ
281,"Did you see what the future looks like? Follow @philipsindia to know how #OneBladeDoesItAll and see me style, trimâ€¦ https://t.co/qXNbwlMIy4"
282,"@imjadeja is a game changer in the future too. ğŸ˜„ Jaddu, I think it's time to reveal our secret weapon?â€¦ https://t.co/s7A2VRRnft"
283,Honoured to be a part of such a special evening at @ProKabaddi yesterday. Jai Hind ğŸ‡®ğŸ‡³ https://t.co/gr6PFzRMr1
284,"Kabaddi, #IsseToughKuchNahi! Who is joining me in Mumbai to witness this LIVE?
Watch me at tonight's @ProKabaddi gaâ€¦ https://t.co/RWBeVrnSnZ"
285,Make a lasting impression wherever you go. ğŸ˜ Check out my line of #one8Fragrances on https://t.co/2q89Gi4Esu and geâ€¦ https://t.co/am4FgHXZMS
286,"We will never forget all the sacrifices you made for us. Respect, Love, Salute. ğŸ‡®ğŸ‡³ #JaiHind #KargilVijayDiwas"
287,Positivity attracts positivity. Your choice defines your outcome. ğŸ™ğŸ˜‡ #BTS https://t.co/koj95Ycgrc
288,"Another historic and proud moment for the nation as the #Chandrayaan 2 is launched ğŸ™ğŸ» Jai Hind ğŸ‡®ğŸ‡³
#ISRO #IndiaMoonMission"
289,Phenomenal achievement by our golden girl @Himadas8. You are certainly making us proud. Hats off to your spirit. Wiâ€¦ https://t.co/SqAou0HjzG
290,"Hard work has no substitute. ğŸ™ŒğŸ¼
Music - @thescript https://t.co/vuVxc9Djjm"
292,Heartbroken to hear the devastation caused by the floods in Assam. My thoughts and prayers go out to everyone affecâ€¦ https://t.co/GUqbt6KEyb
293,Also exquisite display of sport over 5 hours at the @Wimbledon final yesterday. Sheer grit and passion byâ€¦ https://t.co/fLadnbZ3Hv
294,Great show by both the teams in the #CWC19Finals yesterday. Congratulations @englandcricket. ğŸ‘ğŸ¼
295,"Thank you Patrick and Basu for the amazing work you both have done for the team. More importantly, the friendship yâ€¦ https://t.co/zYgGEWb6GF"
296,Firstly I want to thank all our fans who came in huge numbers to support the team. You made it a memorable tournameâ€¦ https://t.co/lTmDlHDYZB
297,Happy birthday mahi bhai @msdhoni. Very few people understand the meaning of trust and respect and I'm glad to haveâ€¦ https://t.co/hN339N4shf
298,"On to the semis now! ğŸ‡®ğŸ‡³
So proud of the character shown by the boys ğŸ’¯ğŸ’¯ https://t.co/uGmU1s3aAc"
299,Smiles all around ğŸ™‚. Being able to inspire the future generation is a blessing. ğŸ˜‡ https://t.co/YFydI9VWG0
300,Was fun catching up with you Harry. Cheers and thank you for your wishes ğŸ‘ğŸ™‚ https://t.co/1jvFFtBWGO
301,Mr and Mrs ğŸ’‘â¤ https://t.co/GREgKXTcS2
302,Wish you a very Happy B'day Bhajju Pa. ğŸ¤— Wishing you the best of everything always! ğŸ™ŒğŸ¼ @harbhajan_singh
303,"Wish you the best going forward Ambati. You're a top man ğŸ‘ŠğŸ™‚ğŸ‘
@RayuduAmbati"
304,Also would like to thank all our fans for all the love &amp; support &amp; especially Charulata Patel ji. She's 87 and probâ€¦ https://t.co/HYlD6XKIhj
305,What a unit. We march on. Jai hind ğŸ‡®ğŸ‡³ https://t.co/uDiih3fFiD
307,Belief is a beautiful gift. We must all use it. Good day to everyone ğŸ¤âœŒ https://t.co/KnFbArIQUS
308,"Don't know about football, but Manchester was blue today! ğŸ‡®ğŸ‡³ğŸ’™
Comprehensive team victory. âœŒğŸ¼ #CWC19 https://t.co/b74AWgFdfG"
309,Out and about in manchester ğŸ˜ https://t.co/QbcjS5VORD
310,Loved the gold &amp; white combination on the pitch? @pumacricket has another cricket shoe for you inspired by my one8â€¦ https://t.co/sS67CucaSz
312,Breakfast alongside some good fellas ğŸ¤™ğŸ˜ƒ. #staymadstaywrogn #basushanker @vijayshankar260 https://t.co/ppc0tHJ1FB
313,"What A Victory ğŸ‡®ğŸ‡³ğŸ’ª
Tremendous effort by the boys. #CWC19 https://t.co/sERpXw2BzF"
314,Southampton diaries with this champ. ğŸ˜ğŸ‘ https://t.co/rzwB9vaUyX
315,Spending time with kids is an absolute joy and an opportunity to contribute to their journey in some way. Such honeâ€¦ https://t.co/hHaArW8ASN
316,also my reaction when we crossed 30 million on Twitter. ğŸ‘€ Thanks for all the love and support everyone. ğŸ™ğŸ¼ğŸ˜Šâ€¦ https://t.co/6CdKjOQNdI
317,Doing it since the early 90s! ğŸ¤“ https://t.co/IVitRHUWpW
318,Top performance by the team. Thanks to all the fans for turning out in large numbers. ğŸ‡®ğŸ‡³ ğŸ‘ŒğŸ¼ğŸ’ªğŸ¼ #CWC19 #INDvPAK https://t.co/BBGJ0Tbbvz
319,Eyes on the ball! #CWC19 #trainingday https://t.co/fMTXz6xuT2
320,RT @ICC: WAY-O! WAY-O! Our friends at @Uber have created this catchy fan anthem for the world's greatest cricket celebration! ğŸ¶ #OnOurWayOâ€¦
321,A good lift is satisfying. ğŸ‹ï¸â€â™‚ï¸ğŸ’ª #makeitcount #nodaysoff https://t.co/jwGU6rqfVe
322,Caption this ğŸ’¬ #TrainingDay https://t.co/Zir43Uyn5f
323,Some pictures indeed are special. ğŸ˜ƒğŸ˜‡ @sachin_rt @virendersehwag https://t.co/eRb4LgNt3K
324,Congratulations on a wonderful career playing for the country paji. You gave us so many memories and victories andâ€¦ https://t.co/bJSuMFtWx8
325,Top win. Onto the next one. ğŸ‘ #CWC19 https://t.co/ZV59smbd9o
326,"It's that time of the year, where you break free from the ordinary with the Wrogn Throwaway Festival. #StayWrogn ğŸ¤™â€¦ https://t.co/t5g0mXW8PH"
327,Next stop London. ğŸšŒ âœŒğŸ¼ #travelday #CWC19 https://t.co/lW0n3i30es
328,A good laugh is the best medicine ğŸ˜ƒ https://t.co/enFnDofkwl
329,Thank you #BlueTigers &amp; wish you all the best for the upcoming King's Cup. ğŸ˜Š https://t.co/qocE2h5RD9
330,Thank you Thomas! ğŸ˜Š https://t.co/vapwNrn5A8
331,Top session ğŸ¤™ğŸ’ª https://t.co/DutuQ52k0Y
333,"Seedha seedha seedha shot dete haan!
The biggest anthem for the biggest stage. Our mantra for this World Cup -â€¦ https://t.co/qSgQRwoirp"
334,It was an honour meeting Her Majesty the Queen and Prince Harry at the Buckingham Palace yesterday. @RoyalFamily https://t.co/m552H9tPlt
335,Getting ready to #SockThem and guess who's helping me! @VivianDivine @PUMA ğŸ”¥ drops 31st May. https://t.co/b8NXcBmS6T
336,"Travelling can sometimes get hectic. Lucky for me, I picked up a few #Oceanone8 essentials in #Delhi a couple of weâ€¦ https://t.co/GHkzcRecys"
337,"A friend, mentor and above all a fantastic human being. 
Happy birthday Ravi Bhai. @RaviShastriOfc"
338,It was a pleasure meeting you @HKane and all the best for the finals. ğŸ‘ https://t.co/Axpb2apmDB
339,It was a special evening at the Indian Cricket Heroes. @ICHOfficial ğŸ‡®ğŸ‡³  #heroes https://t.co/tksrTNP628
340,Congratulations @narendramodi ji. We believe India is going to reach greater heights with your vision. Jai hind.
341,Back at it with the boys! #trainingday #CWC19 https://t.co/ZlyPnJdC5s
342,Touchdown UK! https://t.co/wnhtLalg8V
343,My World Cup ğŸ† spikes are here - decked in gold &amp; white! Super excited to show you the PUMA one8 Gold Spike Collectâ€¦ https://t.co/eEZlaY59mr
344,Behind every story of victory lies true support. Thank you @M_Raj03 and @amtouristerin for this motivating anthem.â€¦ https://t.co/h9ezpnhCxJ
345,The future looks bright! ğŸ˜Š https://t.co/78LmfFMXjY
346,Watch what happens when I put my golden touch to test! ğŸ¤© Grab the special edition cricket can by #Oceanone8 Energyâ€¦ https://t.co/zrLpX2LcDW
347,#FlashbackFriday Hey guys can you guess this city? ğŸ˜ https://t.co/KfVGYCDaEF
348,Watch me and @RishabPant777 team up with @HimalayaMEN to take care of the one problem that keeps coming back. PIMPLâ€¦ https://t.co/wg2I4soSyw
349,Thank you guys for these amazing artworks. Top stuff. ğŸ‘ ğŸ’¯ https://t.co/TFgxUDU7EM
351,"Shout out to @Myntra for being this creative, loved it! ğŸ’¥ The colors caught me in a vibe and the catchy tune got meâ€¦ https://t.co/nWYlehgNc5"
353,Voting is your right and responsibility towards nation building. Go vote. @ecisveep #GotInked https://t.co/DVHY1r4WnA
354,"This is what happened when I surprised a few folks, all thanks to #Oceanone8 for making this possible. ğŸ‘ğŸ¼ Also my sâ€¦ https://t.co/9w4Or92CvC"
355,Every day is an opportunity to learn and grow. Stay humble. ğŸ™ https://t.co/HDiBCEQujq
358,Breathe. Hustle. ğŸ” #one8 @puma https://t.co/0CkXT9UxZC
359,"Thank you guys for all the love &amp; support - the entire team including the fans, the ground staff &amp; the support stafâ€¦ https://t.co/x46DjTmIq9"
360,Praying for everyone affected by #CycloneFani. Stay safe #Odisha
362,Game face on! #playbold https://t.co/BtMvxu1fB1
363,Speedy Recovery mate! You're a champion on and off the field. ğŸ˜ https://t.co/yQLjFHxJrU
364,"Thanks to #GoogleDuo, now I get pranked even when weâ€™re in different pin codes. ğŸ™„ @GoogleIndia https://t.co/rmhp501KwH"
365,This snap would probably help the Avengers better. ğŸ˜„ Presenting the special edition cricket can from #Oceanone8 eneâ€¦ https://t.co/LAUGoaHPMZ
366,#playbold https://t.co/j1A9rLYYBt
367,"Wish you a very Happy B'day Paaji, have a great year ahead. @sachin_rt ğŸ˜Š"
368,"#YourAccessToTheWorld can be as cool as mine! ğŸ¤™ğŸ¼
Get your #AmericanTourister Champions Edition, just like I did! ğŸ˜â€¦ https://t.co/AY5uxVpKOG"
369,Shocked to hear the news coming in from Sri Lanka. My thoughts and prayers go out to everyone affected by this tragedy. #PrayForSriLanka
370,"Hey guys, Iâ€™m super excited to announce that Mobile Premier League is now the Number 1 Gaming App in India ğŸ‡®ğŸ‡³ğŸ™ Ab hâ€¦ https://t.co/NiiJwzhE1d"
371,Last night it went down to the wire but happy to get the desired result. ğŸ¤™ğŸ¼ https://t.co/3WTLZtlFVN
372,The best form of training is playing a sport. ğŸ‘ŒğŸ¼ https://t.co/Zl1h9gEzY6
373,Let's take one step on to the pitch to show the world â€“ that weâ€™re all equals once the kit is worn. And thatâ€™s whyâ€¦ https://t.co/gUAxXe0lw8
374,Sat Shri Akal saarreyaan nu! ğŸ™ğŸ¼ https://t.co/KWMACuCzuQ
375,Please follow &amp; support @able2uk as the disabled awareness organisation celebrates its 18th anniversary this year. ğŸ˜Š #able2uk
376,Is there a right way to make ads? Probably the #WROGN way! ğŸ˜ @staywrogn with us on @hotstartweets and let us know wâ€¦ https://t.co/O4GwQMSddS
377,Good game last night. ğŸ˜Š #PlayBold https://t.co/buqj9gXWS4
378,A few from the practice session yesterday. âœŒï¸ https://t.co/j3YX9KfRQW
379,Touchdown Mohali! https://t.co/F0vgKCDj3N
380,Have a look at what Chandigarh had in store for me when I went to check out the #Oceanone8 stock! ğŸ˜ Go get your canâ€¦ https://t.co/lB337G7wWw
381,"Train hard, go the extra mile and believe in yourself. âœŒğŸ» https://t.co/Ap0NdFxH6r"
382,"You're always there to support @RCBTweets on the field, now connect with us off the field as well. ğŸ˜Š Fitness routinâ€¦ https://t.co/jkn3eNaBYS"
383,Owning the streets like a boss with my @amtouristerin #SwagPack! ğŸ˜ğŸ¤˜ğŸ¼ #GoSwagpackin https://t.co/4Ho4DYsM6r
384,Back in Bangalore and back to work. #thegrindneverstops https://t.co/Tu5uFHexmi
385,"To unlock your potential in what you do, it will require a great deal of practice, patience and consistency. Make iâ€¦ https://t.co/Gd0FO88myS"
386,Off to Chennai âœˆâœˆ #teamrcb #ipl https://t.co/Ule0QI3Igj
387,"RT @StayWrogn: Hands up, and prepare to scream with joy. It's the festival of colours, and @imVkohli's ready with the first shots! #HappyHoâ€¦"
388,"Happy Holi to everyone! Letâ€™s celebrate the vibrant hues, the beautiful relationships and the joyous laughter. Hereâ€¦ https://t.co/kMzbwyyXNe"
389,"Was a joy shooting for this, #PureFun! 
Check out the new Shyam Steel ad for their TMT bars made from #PureSteel.â€¦ https://t.co/ine7SYutcO"
390,Was fun to have you around yesterday skip ğŸ¤™ @chetrisunil11 #topguy #cricketmeetsfootball https://t.co/sUzZ2xxAgF
392,Another reason to @StayWrogn now! ğŸ˜ Feels great to be sporting #WROGN both on and off the field. ğŸ¤™ğŸ¼ @RCBTweetsâ€¦ https://t.co/p1vwc1zBoE
393,Great to be back at the Chinnaswamy for another season with @RCBTweets. ğŸ˜ Canâ€™t wait to be on the field! ğŸ’ªğŸ½â€¦ https://t.co/OKNjyIDJMg
394,Training with the best gear for the biggest challenge! Effort always ğŸ’¯#PUMAHybridNX #one8 @PUMA https://t.co/QX2La820A7
395,80 days to go! ğŸ‘Š https://t.co/1NBlUIdmPL
396,Shocking and tragic. My heart goes out to the ones affected by this cowardly act at Christchurch. Thoughts with theâ€¦ https://t.co/TLie7FjBU2
397,Touchdown Delhi ğŸ¶ https://t.co/AlvjeTLmNX
398,"Great night with the boys at mahi bhais place last night. Good food, fun chats all around and great energy. Perfectâ€¦ https://t.co/JZ3TfcW1ln"
399,"This day or the 364 others, a Woman's day is everyday. Nothing but respect and a Happy Women's Day to all. Every daâ€¦ https://t.co/Pp86YI9fzD"
400,Caught in the act. #focus https://t.co/nVHXr52gkb
401,"Stellar performances, exceptional teamwork! ğŸ‡®ğŸ‡³ https://t.co/foViGqKP82"
402,A little bit of fun off the field never hurt anyone! ğŸ˜ Check out the super quirky games on the Mobile Premier Leaguâ€¦ https://t.co/rJgBmC3Mkr
403,Nagpur next. âœˆï¸ With the lean mean pace machine @MdShami11 ğŸ¤œğŸ¤› https://t.co/LoQP1OtKYd
404,Real Hero. I bow down to you. Jai Hind ğŸ™ğŸ™ğŸ‡®ğŸ‡³ğŸ‡®ğŸ‡³ https://t.co/kDgocwpclA
405,Back to work ğŸ’ª https://t.co/5wWlAn7KMt
407,"The RP-SG Indian Sports Honours has been postponed. At this heavy moment of loss that we all find ourselves in, weâ€¦ https://t.co/eoSZWR2uDh"
408,"I'm shocked after hearing about the attack in Pulwama, heartfelt condolences to the martyred soldiers &amp; prayers forâ€¦ https://t.co/Z79v0B20nx"
409,About last night with my valentine. â¤ï¸ğŸ‘« #greatmeal #nueva #loveit @AnushkaSharma @nueva_world https://t.co/DaKRA90ocS
410,True victory is in the quality of the competition and these instances of sporting spirit exemplified quality. Voteâ€¦ https://t.co/xQIQPnwAR7
411,"Power-packed performances which made the World sit up and take notice
Vote Now! https://t.co/qXV2a6RabM"
412,Talk about favorites and I'm here with the new range of one8 fragrances to add that dash of freshness and confidencâ€¦ https://t.co/rFg2Ysjsk7
413,"Talent. Brilliance. And a lot of promise. Vote now, guys! ğŸ™Œ https://t.co/bVrb5gEXGB"
414,"Inspiring stories of resilience. Vote now, guys! ğŸ™Œ https://t.co/8IPn3tMSRn"
415,Here's wishing a very Happy Birthday to Mr. KM Mammen Sir! It has been a special journey with the @MRFWorldwide family. ğŸ˜Š
420,Fitness will be so much more fun with the new one8 collection. ğŸ˜ Watch out for what we have in store very very soonâ€¦ https://t.co/YVCEFnXMzX
421,Away we go â¤ï¸ğŸ˜ƒ#travelswithher https://t.co/KnDhMbAG3G
422,Happy with the clinical performance. Great team effort. ğŸ’ªğŸ˜€ https://t.co/pmVJK3inqF
423,Our victory lies in standing together. Happy republic day to all my fellow Indians. Jai Hind ğŸ‡®ğŸ‡³ https://t.co/bKs9FjQh5H
424,One from my favourite kind of shoots!!! ğŸ¶ #FlashbackFriday #BTS @AudiIN https://t.co/uOtPuQGRHX
425,"@KP24 Well in that case you should've seen my first caption. Much worse. ğŸ˜‚
PS - the face is still in the sun ğŸ¤ª"
427,A smile is the best way to unwind. ğŸ˜Š https://t.co/w8RoT6udd3
428,"Family, cricket &amp; more.. Catch me talking about all of it only on my official app! ğŸ˜Š
Click on the link below to watâ€¦ https://t.co/CsBH7DrXjZ"
429,What a day at the Australian open. â¤ğŸ˜ğŸ‘ŒğŸ‘Œ An amazing way to finish the Australian summer. Forever gratefulğŸ™ğŸ˜‡â¤#ausopen https://t.co/fqOiekjH3F
430,Great series win and a total team performance. So happy to finish the tour on a high. Jai hind ğŸ‡®ğŸ‡³ #AUSvIND https://t.co/zkLK0ykRqu
431,With some people you don't need to make an effort to connect. ğŸ™ğŸ˜‡â¤ https://t.co/cZiwgRF83q
439,"So proud to be a part of this team, great feeling! ğŸ˜‡ This is not just a team this is a family. ğŸ˜Š Onwards and upwardâ€¦ https://t.co/SHucWdYRP8"
440,"Happy New Year to everyone back home and all over the world, all the way from Australia. Have a wonderful year aheaâ€¦ https://t.co/vslydMqItG"
441,"I've got something for everyone who want to get to know me better, go to the following link to watch the full videoâ€¦ https://t.co/8C6NS2yJV0"
442,Off to sydney. Looking forward to the new years eve with my one and only â¤ï¸â¤ï¸âœˆï¸ğŸ˜. @AnushkaSharma https://t.co/9YhhtZFS2y
443,What a win!! Proud to be part of this unit . Onto Sydney now. Jai hind ğŸ‡®ğŸ‡³ğŸ‡®ğŸ‡³ğŸ‡®ğŸ‡³ https://t.co/DsW8WXRMGj
444,Here are my Christmas treats. ğŸ˜ Make sure you have yours. #MerryChristmas ğŸ… ğŸ… ğŸ¥³ https://t.co/zsFEnS356X
445,Bringing you your daily dose of energy this Christmas which will help you go through your day like nothing else! ğŸ˜â€¦ https://t.co/ojBwVqFQQ1
446,10 years with the mad one! ğŸ˜†ğŸ¤—ğŸ‘Š @buntysajdeh https://t.co/ZoWxuIERRm
447,Indian summer festival at the Yarra Park with the boys! ğŸ¤™ https://t.co/Yz79icqKPG
448,Saw @Zero21Dec and loved the entertainment it brought. I enjoyed myself. Everyone played their parts well. Lovedâ€¦ https://t.co/YmCjrkBPIb
453,Put #YourBestFootForward they say; Lucky for me I have my favourites to pick from the versatile collection ofâ€¦ https://t.co/tMyKrskAMM
454,Can't believe it's been a year already because it feels like it happened just yesterday. Time has truly flown by. Hâ€¦ https://t.co/1UBqh2Cmva
455,Good win. Onto the next one. ğŸ™ https://t.co/xtqetxM6vm
456,"Excited to launch the all new #one8fragrances, It's been one hell of a ride for the team! ğŸ˜€ And these have been carâ€¦ https://t.co/b1S7V8Od8d"
457,That's what happens when you do group circuit training! ğŸ‹ï¸ https://t.co/bIKhq1mwqD
458,The rain doesn't seem to be going away so we decided to make something of our day âœŒï¸ğŸ’ª. Gotta love a good workout wiâ€¦ https://t.co/Hqjn8Avkp1
459,That view ğŸ˜âœŒï¸. Lovely place this. https://t.co/s6VjtKY1QQ
460,Great to see this guy and everyone else stepping up together. ğŸ’ªğŸ¼ On to the Tests now! âœŒğŸ¼ @imkuldeep18 https://t.co/OES174LSvk
461,Can't believe it's been 4 years of #WROGN! ğŸ¤¸ #StayWrogn #StayMad ğŸ˜€ @StayWrogn https://t.co/gQL0Ri7I1K
462,There's no ideal way to put in hard work. Everyday is an opportunity. Stay fit stay healthy! âœŒï¸ğŸ’ªğŸƒ https://t.co/ytNV9bTrLg
463,Back to Australia. Looking forward to the next few weeks with this champion @RishabPant777 âœŒï¸âœŒï¸ https://t.co/Ikd8La5CUb
464,Weâ€™re on our way to the semi-finals.. and itâ€™s time to back Team India to bring home the World Cup!â€¦ https://t.co/NV9ZaSc2c4
465,Great to meet these kids! Happy Children's day. ğŸ˜Š https://t.co/zv9aci6lNM
466,"Great show by the boys to claim another series. ğŸ’ª Big congratulations to all the boys, the support staff and everyoâ€¦ https://t.co/IC7tkZNWEX"
467,"Just 1 day to go &amp; hereâ€™s the last hint-
â€œIn the middle of making something, just checking for all the pieces.â€ğŸ§
Shâ€¦ https://t.co/CwOlEHU2Wd"
469,"I guess trolling isn't for me guys, I'll stick to getting trolled! ğŸ˜
I spoke about how ""these Indians"" was mentioneâ€¦ https://t.co/um7W7xl2cT"
470,"Picking it up from where we left it day before for @one8Select, here's another hint. ğŸ§ Guess what it is and lucky wâ€¦ https://t.co/XqdidIoVL3"
471,"A very happy and prosperous Diwali to everyone from our home. Wishing everyone peace, happiness and good health. Goâ€¦ https://t.co/sqkqC1fk3F"
472,"The next chapter in the one8 journey is here - one8select
Here's ur chance to win something special from the one8seâ€¦ https://t.co/yORVLa4RmJ"
473,Every year you guys send so much birthday love! Time for me to return the love with some added sweetener for Diwaliâ€¦ https://t.co/phV6qZCBgQ
474,""" Virat like never before? â€ ğŸ§ Well itâ€™s not a media headline this time, itâ€™s actually a surprise coming your way sâ€¦ https://t.co/QvKZkfBaj1"
475,"If you were looking for a chance to get your Basket Classic #one8 shoes customised, this is it. ğŸ˜Š
Dates - 3rd and 4â€¦ https://t.co/lyD5tLwYW9"
476,Great effort by the boys to win the series. So proud to be a part of this dedicated side! âœŒï¸ #INDvWi https://t.co/zAU0XfQ5Ce
477,"Done for the day. Training âœ…, massage âœ…, recovery pool session âœ…. Now a good meal and a long sleep. Bliss ğŸ‘Œ https://t.co/8FzzwFS6FO"
478,Hours at the nets. Hours at the gym. Hours with the design crew at @PUMA! ğŸ˜ Here's a quick peek into what makes theâ€¦ https://t.co/rTeaOqIfxU
479,My life. My universe. â¤â¤ Karvachauth â¤ğŸ‘« @AnushkaSharma https://t.co/a2v18dh8rH
480,ğŸ’ª https://t.co/ze9EJOcxhW
481,Black on Black swag with #one8 ğŸ˜ Comfort levels. ğŸ‘Œ https://t.co/G6iOVnaDMY
482,What a stunning place.ğŸ‘Œ Love coming to Vizag. ğŸ˜âœŒ https://t.co/ACxmWHoBte
483,My prayers are with the families of those affected by the terrible train accident in Amritsar yesterday.
484,"RT @DabbooRatnani: Wowâ£ï¸ Love These Personalised Limited-Edition Kicks ğŸ‘Ÿ , @imVkohli . Thanks sooo much! @PUMA ğŸ’¯ #dabboo @ManishaDRatnani @â€¦"
485,"Thank you guys for all the love bestowed on my very first sneaker. ğŸ™ For everyone asking, the Basket Classic #one8â€¦ https://t.co/dsPYKh7K3e"
486,RT @remodsouza: Yayyyyy this is amazing #One8 @PUMA thanks a ton @imVkohli love this. https://t.co/jq4DmdhUD9
487,"100% classic, 100% me!
And it's finally here! I'm launching the Basket Classic one8 today. ğŸ˜‡ Itâ€™s the very first snâ€¦ https://t.co/QtnfP245Jh"
488,Getting it right when you think you got it all WROGN ğŸ˜‚ğŸ¤˜ğŸ»@StayWrogn #TrailerTheMovie https://t.co/htlWP6L7wx
489,"With focus and hard work, anything is possible. Keep working, keep believing. Have a super day everyone. ğŸ’ªğŸƒâ€â™‚ï¸ğŸƒâ€â™‚ï¸ https://t.co/x3a0ODbpeW"
490,"Great job by the guys to win that tight game last night. âœŒğŸ¾ @BCCI
Seventh Asia Cup title for us ğŸ™ŒğŸ½ ğŸ†
Congrats to Baâ€¦ https://t.co/EBXK0GBCzw"
491,(2) Mauji was superb @Varun_dvn. But Mamta's character stole my heart totally. Her ability to be so quiet yet so poâ€¦ https://t.co/HKWX6Z1TfP
492,Saw @SuiDhaagaFilm for the second time last night and I loved it more than the first time. What an emotional rollerâ€¦ https://t.co/JR9DDeEH18
493,"Bowled over by this flawless watch crafted by the amazing people at @TISSOT for me! ğŸ˜Š Big thank you to Team Tissot,â€¦ https://t.co/lQR8KAbRPc"
494,"We did put the right date on the poster, it's just that we decided to release it on the #Wrogn date. ğŸ˜‹
So, withoutâ€¦ https://t.co/oGIK4yZW3P"
495,Work Work Work! ğŸƒâ€â™‚ğŸƒâ€â™‚ğŸƒâ€â™‚ https://t.co/bblmmAYQs9
496,Humbled to have received the Khel Ratna from our Honourable President. ğŸ™ŒğŸ» ğŸ‡®ğŸ‡³ #JaiHind https://t.co/w7tDaNVe8V
497,Time to tease you guys with a small teaser. ğŸ˜‹ https://t.co/wMju9mzDzh #TrailerTheMovie https://t.co/Gl3ZZT20Ht
498,"Watch the premiere episode of #MegaIcons featuring me, tonight at 9 PM at @natgeoindia. ğŸ˜Š"
499,Well done boys. What a joy to watch.Great win for us. Onwards and upwards ğŸ’ªğŸ‡®ğŸ‡³ #INDvPAK #AsiaCup2018
500,"Great lunch today at @nueva_world, food was outstanding and the company couldn't have been better. â¤ Great place foâ€¦ https://t.co/RyBtUq0eM8"
501,"Another debut after 10 years, can't wait! ğŸ˜€ #TrailerTheMovie https://t.co/zDgE4JrdDT https://t.co/hvcovMtfAV"
502,Hereâ€™s wishing Team India a super series at the Asia Cup. ğŸ‘ŠğŸ» #Meninblue  #AsiaCup2018 @BCCI
503,"Time to sweat it out again and have fun while at it, PLAY DAY is here! Let's #ComeOutAndPlay. #one8 @PUMAIndia

Finâ€¦ https://t.co/nYdH8bURDa"
504,A very Happy Birthday to our Honourable Prime Minister Shri @narendramodi Ji. Wishing you lots of good health and happiness. ğŸ™
505,Sometimes you've got to unplug to recharge! âœŒï¸ #ComeOutAndPlay #NewEraIndia #one8 https://t.co/O3AIDsSAJu
507,"Defeats Pain Instantly, Pushes me Harder - on and off the field. ğŸ˜Š
Volini Maxx - Indiaâ€™s Strongest Pain Relief Spraâ€¦ https://t.co/tm2mcYrUDx"
508,Congratulations to Mr. Pawan Aggarwal and his team at @fssaiindia for this educational message on a healthy life stâ€¦ https://t.co/GkkzNiAGPA
509,"Throwback to fond memories with @bhawnadhingra2 Didi ğŸ˜Š
Wishing a very Happy #Rakhi to all the sisters around the woâ€¦ https://t.co/Dqzuf4Kwu3"
510,Met this beautiful boy who was patient enough to take a picture with us ğŸ˜ğŸ¶ https://t.co/Uu2AyiZCfn
511,A day with the boys at work! âœŒï¸ https://t.co/yKpMKfC0tG
512,Game for the #QuirkyCatches Challenge?@klrahul11 @JontyRhodes8 @rashidkhan_19 @adu97 @faf1307 @hershybruâ€¦ https://t.co/ysgdzWegYu
513,Top performance by the boys! Amazing game and a great win. âœŒï¸ https://t.co/QXlULwh7PW
514,"Everyone in Kerala, please be safe and stay indoors as much as you can. Hope the situation recovers soon. Also, thaâ€¦ https://t.co/k8yeAhpI9t"
515,Great day at training today. Looking forward to the next game. âœŒï¸ https://t.co/RSvnH4EZdm
516,A sombre day for us as we mourn the loss of former PM Atal Bihari Vajpayee ji and Legendary Indian Captain Ajit Wadâ€¦ https://t.co/qoRgyFfec5
517,"When you want it all Wrogn, there is only one place to get them. Visit https://t.co/hpfPL9G36I and #StayWrognâ€¦ https://t.co/DVrDRhq1SQ"
518,"Today, let's celebrate the things that unite us all instead of dwelling on our differences. Howzzat for a change?â€¦ https://t.co/B6YkQmYPxo"
523,"Pure Genius ğŸ‘Œ @DesiFrenzy
https://t.co/5JDsrJHHjb"
524,Happy friendships day ğŸµâ£ï¸ğŸ‘« https://t.co/tou5CwLgfA
525,"No guts -No glory-No story!
On stands tomorrow âœŒğŸ» @gqindia https://t.co/TJRyO1HuWt"
526,Just being able to walk around feels like the most joyous thing in the world. ğŸ˜Šâ™¥ï¸ https://t.co/hXXQPuXTnw
527,"From the best fast bowlers to all-rounders, I would like to introduce you to my incredibleÂ @Uber_IndiaÂ eleven. ğŸ˜Š Inâ€¦ https://t.co/M3506tyPwf"
528,Meal with the bestest! â™¥ï¸â™¥ï¸â™¥ï¸ https://t.co/4UwGbHxIyE
530,One of the best feelings watching this video! Thank you everyone for your constant and unconditional support for usâ€¦ https://t.co/OsGfU05nEs
531,"What an incredible achievement for #HimaDas, the first Indian to win a Gold Medal in 400m Sprint at the World Underâ€¦ https://t.co/mLTb2RbfJt"
532,"Day out with my beauty! ğŸ¤©â™¥ï¸
@AnushkaSharma https://t.co/ksurAb0VQH"
533,"RT @StayWrogn: Hey breakaways, play and win like a boss.  #HappyVideoGameDay @imVkohli https://t.co/9hFu8MUE17"
534,Such a great feeling to have played with such talented team mates and win the series in a great style. Time to celeâ€¦ https://t.co/DCKpDNpsXw
535,Happy birthday Mahi Bhai. God bless you. ğŸ’ªğŸ’ªğŸ˜‡ https://t.co/YeuQ8k9oWb
536,The most exciting feeling is walking out with your team mates to represent your country. The passion of fans createâ€¦ https://t.co/RnaBhQ10Tb
537,What a knock by the Baaaaas @klrahul11 ğŸ’ªğŸ˜ https://t.co/KDOoZh4ZGB
538,Wishing the champion bowler and an amazing human being @harbhajan_singh a very happy birthday. Keep inspiring and Hâ€¦ https://t.co/DsQZKmDTm1
539,"Good news, guys! You donâ€™t have to remember anything today. ğŸ˜„ #IForgotDay #StayWrogn @StayWrogn https://t.co/DrQA44HgJV"
540,Top session with guys! ğŸ‘ŒğŸ’ª https://t.co/q4KpG4T6oe
541,"@sachin_rt paaji, thanks for nominating me for the Fitness kit-up Challenge, I'm kitting up to play the sport I lovâ€¦ https://t.co/DHNMEiI6VB"
542,Beautiful day in Sunny Dublin. ğŸ‘Œ https://t.co/fAGkBtLfcm
543,RT @MerchantTaylors: Fantastic to see @imVkohli training at Merchant Taylors' yesterday - a brilliant example to our young cricketers! httpâ€¦
544,Off to Ireland with someone photobombing behind us! ğŸ˜‚ğŸ‘ https://t.co/W7z729cq2d
545,My love for beard knows no bounds. @PhilipsMenIn is going to show you my undying love for beard withâ€¦ https://t.co/8nsLylwkss
546,"Hi everyone, I'm really happy to share that a Wrogn Store is now open at Surat - a city I love for its beauty and eâ€¦ https://t.co/U3hIrepCJc"
547,"Off we go. UK Bound! ğŸ‘ğŸ’ª
@msdhoni @SDhawan25 Arun Kanade https://t.co/WnJvRkHYFs"
548,Get your #swag on for the football season with my favourite backpacks from the #SwagPack collection byâ€¦ https://t.co/ahnFW9tLyC
549,Driving into the sunset after a good shoot! ğŸ‘Œ#NewCollection #ComingSoon #StayWrogn https://t.co/1nit4JAAwD
550,"Today's session included a lot of band work for lower body strengthening; including lateral band walk, monster walkâ€¦ https://t.co/TC3yRbWvaf"
551,Thank you @IndiaSports for keeping the joy of sports alive. ğŸ™ https://t.co/yQpWHUdE3W
552,Wishing you a successful World Cup campaign @HKane! ğŸ’ªğŸ˜Š #WorldCupRussia2018 #HarryCan
553,Bangalore and Goa! My play wagons are coming for you today. So spot the play wagon and send me your picture playingâ€¦ https://t.co/Si5JroiKoC
554,PLAY DAY is here! ğŸ˜€ It's time for you to go out and #One8 because I'm sending you my Play Wagons! Spot the wagon anâ€¦ https://t.co/WAFRSmEl62
555,This Father's day do something memorable and make it special with your father. ğŸ˜Š #HappyFathersDay #ComeOutAndPlay https://t.co/amwaFOuqfB
556,Being active on social media isnâ€™t being active. #ComeOutAndPlay https://t.co/3tWix5s1tn
557,Lot of people who don't have the courage to do something like this find it funny. Everything for people nowadays is meme content. Shame.
558,Saw these people throwing garbage on the road &amp; pulled them up rightfully. Travelling in a luxury car and brains goâ€¦ https://t.co/Rj7bUG55vg
559,"Donâ€™t tell stories about the days you played sports. Show it, when you #ComeOutAndPlay https://t.co/pxgeCIHbFr"
560,Look to your left. Look to your right. 1 out of 3 people have been physically inactive for the last one year. Timeâ€¦ https://t.co/j8NQNc9QD9
561,"Every day,Â you and I move with purpose. And @Uber_India helps move us forward, one ride at a time.
What inspires you to #MoveForward?"
562,Champions!!!! Another stellar performance from our captain @chetrisunil11 and the entire team last night. This willâ€¦ https://t.co/NsqsEGzbsb
563,"All said and done, I think this has gone a little too far now. Itâ€™s time I address this personally. #LoveItTrimItâ€¦ https://t.co/2tFivmN5l0"
564,"The talk around my beard is quite entertaining. @klrahul11, @buntysajdeh, @yuzi_chahal, @y_umesh it's popcorn timeâ€¦ https://t.co/WcN0SHt5tJ"
565,Gearing up for something Uber exciting â€“ RT and I'll ensure you're first to know what's brewing! #BadhteChalein https://t.co/cgCGaQaR7V
566,Viju Bhaiya lives abroad now but his promises to me always come home thanks to @Remit2India. Happy to be part of Reâ€¦ https://t.co/IwOb5aimZX
567,"The overseas season is about to start and here's wishing one of the finest we've got, @ajinkyarahane88, a very Happâ€¦ https://t.co/7x8Lo3y5ka"
568,The last two years have been fantastic for @IndianFootball and last night again they showed that they mean businessâ€¦ https://t.co/NGBbu2ZJDx
569,"Come 6th of June, letâ€™s play statue! ğŸ˜‰ Excited to be at #MadameTussauds ğŸ˜ƒ
#TussaudsDelhi
@MadameTussaudsâ€¦ https://t.co/ukm9TyHQOi"
570,Please take notice of my good friend and Indian football skipper @chetrisunil11's post and please make an effort. https://t.co/DpvW6yDq1n
571,RT @chetrisunil11: This is nothing but a small plea from me to you. Take out a little time and give me a listen. https://t.co/fcOA3qPH8i
572,Hey Guys! Grab the breakaway youth fashion from the Wrogn Throwaway Festival for just Rs.499 and Rs.999 only atÂ Mynâ€¦ https://t.co/m6rU5GiVz1
573,Hard work always pays off ğŸ‘ğŸ’ª https://t.co/NmhPOmhS2f
574,"@rohanbopanna Thanks Rohan, hope you're doing well. ğŸ˜Š"
575,"Hey mate checked out the store and the stuff looks really good. My best wishes, Iâ€™m sure itâ€™s gonna be a big succesâ€¦ https://t.co/v1pMjsUbjj"
576,Can't do weights yet but can run instead! ğŸƒğŸ» Find a way even on a Sunday! ğŸ¤“ https://t.co/3DUvs4WEe1
577,Wish you all the best in everything that you do my brother. Youâ€™ve changed the way batting was seen in the time youâ€¦ https://t.co/L3yALmzo1p
578,"I really believe in the concept of, ""you either win or you learn"". We fought hard and gave it our all but one thingâ€¦ https://t.co/SeRzQmUB85"
579,"I have accepted the #FitnessChallenge by @ra_THORe sir. Now I would like to challenge my wife @AnushkaSharma , ourâ€¦ https://t.co/aRUYRfDLne"
580,@Ra_THORe @iHrithik @NSaina (2/2) This is my way to keep fit @Ra_Thore sir. I challenge @ShreyasIyer15 andâ€¦ https://t.co/EOhwdQEP8x
581,"@Ra_THORe @iHrithik @NSaina (1/2) Great initiative sir, you've hit the bulls eye. I recently discovered that 1/3 ofâ€¦ https://t.co/YEmJlQiU4c"
582,@KP24 @TheBig_Easy @piersmorgan You must try @muveacoustics bro and let me know what you think about them! ğŸ˜‰
583,I have been listening to my fans and hereâ€™s what I want to say. What you see me bingeing on are @TooYumm Multigrainâ€¦ https://t.co/ebCPXfnift
584,https://t.co/KkaBwOVsSy
585,"RT @MuveAcoustics: Congratulations to madu_bala16, _mahak_kanoi_â€¦ https://t.co/aKmIcr4P8r"
586,"@sundarpichai @ABdeVilliers17 Thank you @sundarpichai!
Glad we could entertain you. ğŸ˜Š"
587,"Saw #SpiderMan Live today! ğŸ˜®
@abdevilliers17
#RCBvsSRH #IPL2018 https://t.co/mUuGVKuTn4"
588,@AnushkaSharma Yes my love. Indeed we arrived today ğŸ˜ƒâ¤
589,It's time guys. Time for everyone to re-discover the joys of playing. Time to run past all the excuses. ğŸ˜€ So get reâ€¦ https://t.co/V4AuTXUilG
590,"Don't think you can put this across any better; to the REAL superheroes, #HappyMothersDay ğŸ™ŒğŸ™ŒğŸ™ŒğŸ™Œ https://t.co/mfeCYwlqce"
591,Have always loved batting with this guy. Makes things simpler for the person at the other end. Today was yet anotheâ€¦ https://t.co/wzv8GFlZSx
592,I'm going live on my Facebook and Instagram tomorrow at 1:30pm. Join me. We've got a lot of important things to disâ€¦ https://t.co/Q6A5zpBeyA
593,DISTURBED! https://t.co/sQCBy1OaZL
594,The laughter riot continues with round 3 of #WrognIn60Seconds. ğŸ˜ Watch it now. @RCBTweets #StayWrogn https://t.co/fOilhGz3hq
595,Happy B'day my love. The most positive and honest person I know. Love you â™¥ï¸ https://t.co/WTepj5e4pe
596,"Happy Birthday @ImRo45 ğŸ˜Š
God bless!"
597,Think you can run faster than me? ğŸ¤” Hereâ€™s my fastest time for 3 runs. Pad up and send a video of your fastest 3 ruâ€¦ https://t.co/E6EmlXP7bW
598,Love these frames! ğŸ¤“ğŸ¤“ https://t.co/Z9WHKE7b3g
599,"#RoadSafetyWeek, join me in taking a pledge to not be a danger on the road. @nitin_gadkari @MORTHIndia @Uber_India https://t.co/AmIHcL9EKT"
600,Always love meeting such confident kids. Such positive energy. ğŸ˜Š https://t.co/HcVuCb7vQR
601,Wish you a very Happy Birthday @sachin_rt Paaji. ğŸ¤—ğŸ˜Š You are and will always be the real Master Blaster! ğŸ™ğŸ‘
602,RT @StayWrogn: Our main man in action! @imVkohli #StayWrogn https://t.co/taGEJ11WhO
603,Thank you @sachin_rt paaji for such warm and encouraging words. Truly honored for being able to make it to theâ€¦ https://t.co/E5yjmvKVwI
604,"Guys, the madness has begun. Catch me and my #RCB pals in round one of #WrognIn60Seconds right here. #StayWrognâ€¦ https://t.co/qd9trWPxls"
605,RT @harbhajan_singh: Congratulations brother @imVkohli for your new partnership with @NewEraCap #Great collection ğŸ‘Œâœ… https://t.co/LvsyodLwHZ
606,"Hey guys, excited to announce that Iâ€™ve signed with @NewEraIndia1920 to launch my own headwear line!
Myâ€¦ https://t.co/E93JyvlMQk"
607,"Guys, the maddest game show ever goes live in less than 48 hours. In the meanwhile, here's another glimpse of the mâ€¦ https://t.co/hvOMi6lZtv"
608,Just too excited to be a part of something this mad. ğŸ˜ Stay tuned to find out more. #WrognIn60Seconds #RCBâ€¦ https://t.co/5Z9VboLXjY
609,"Bringing motosport to a road near you, this masterpiece of a machine; The Audi RS 5 Coupe. ğŸ‘ŒğŸ˜ @AudiINâ€¦ https://t.co/Gno55Qwa00"
610,Work sometimes is hectic but fun when you have good people with you. ğŸ˜Š https://t.co/tug1aaD8Rw
611,It's that time of the year again and I've got a special message for you guys. Listen carefully. #StayWrogn https://t.co/XdbU4aQ9pQ
612,Aiden Markram ğŸ‘ŒğŸ‘
613,Hey guys! The world's biggest T20 extravaganza is around the corner and @RCBTweets is thrilled to have @StayWrogn aâ€¦ https://t.co/DXxDpoSn7e
614,"RT @MuveAcoustics: Continuing with our ""MY"" series, we present the best way to be flexible! My Music, My Moves. #FlexibilityGoals #Ignite hâ€¦"
615,"Just finished my conditioning training guys, what's your training plan today? #ComeOutAndPlay https://t.co/JQY7eTOWzz"
616,"Despite being curable, TB is worldâ€™s top infectious killer. Made by @KanhaiSharma04 and has done a great job at it.â€¦ https://t.co/DN2SaLBLcL"
617,Great session today. Getting stronger everyday! ğŸ‘ğŸ’ªâœ… https://t.co/2J3VHK3Lre
618,Aiden Markram is a delight to watch!
619,Great Job and very well said Bhajju Pa ğŸ‘ŒğŸ™ https://t.co/1cqvQGbDwd
620,Great cut from the style master @AalimHakimğŸ‘Œ https://t.co/mGiPVrjiC5
621,"What a game of cricket last night, Complete team performance! Big up boys!!! ğŸ’ªğŸ‘ŒWell done DK @DineshKarthik ğŸ‘Š
@BCCIâ€¦ https://t.co/JkmI3f5hRZ"
622,Early morning training is Bliss! ğŸ‘ŒğŸ‘Œ #ComeOutAndPlay @PUMA https://t.co/MfnreLI1LC
623,Congratulations to my brother Vikas @omegus10 and Vikrant for winning the Best Western Cuisine Award at the Times Fâ€¦ https://t.co/vnbfjICTm9
624,"Disappointed that we couldn't make it to the finals, but great courage shown by the boys! Congratulations on a spleâ€¦ https://t.co/EhgnlE7T96"
625,"Congratulations @DivyaDhayal, ace Archer &amp; #VKF athlete, for winning a Bronze in the Compound team category in the Asia Cup at Bangkok! ğŸ‘"
626,Chilling and how! ğŸ˜ https://t.co/GaRCzSWFCZ
627,It's been a great evening here at the Fortress. Thank you #Gaurs for being the best 12th man throughout this seasonâ€¦ https://t.co/MJfHABlBdc
628,Love the new SS'18 #One8 collection!!! ğŸ˜ ğŸ‘Œ@Puma #ComingSoon #ComeOutAndPlay https://t.co/vmP203JR7I
629,Looking forward to a successful innings with @Uber_India. Stoked to #TakeABackseat and here's why! #UberIndia https://t.co/fLwCz5eJ25
630,"RT @Uber_India: Stepping up to bat for Uber, he's here to #TakeABackseat only to drive billions forward! Say hello to our newest partner @Iâ€¦"
